country,Exclusive breastfeeding under 6 months (%),Low birth weight (≤2500g),Malnutrition (weight-for-age < -2 SD),Population ages 0-4 (number),Solid fuel use (%),Under-5 mortality rate (per 1000),Wasting prevalence (children under 5)
Afghanistan,57.5,,18.4,3400600.0,,55.5,2.3
Africa Eastern and Southern,,14.2828676525461,,,18.71,53.8062516481712,
Africa Western and Central,,,,,1.81846465553293,88.7263351835126,
Albania,36.54,5.992350456,1.5,75218.0,36.81,9.4,1.9
Algeria,28.63,7.197213007,2.7,2425767.0,0.09,22.0,2.7
American Samoa,,,,3854.0,,,
Andorra,,9.394871191,,1260.0,,2.6,
Angola,37.38,15.52779066,19.0,3133180.0,6.55,64.0,5.7
Anguilla,,,,349.0,,,
Antigua and Barbuda,,15.35550278,,2741.0,,9.3,
Arab World,,,,,1.518380994093,31.7791999547012,
Argentina,31.95,7.361601633,2.0,2750630.0,8.9,9.6,1.7
Armenia,44.49,8.272253773,2.6,91519.0,24.25,10.0,5.8
Aruba,,,,2696.0,,,
Australia,,6.553680899,0.5,1526420.0,6.26,3.7,0.2
Australia New Zealand,,,,1824490.0,,,
Austria,,6.305404111,,218412.0,16.37,3.1,
Azerbaijan,12.1,11.03530631,3.0,356717.0,0.93,18.6,1.3
Bahamas,,,,11049.0,,,
"Bahamas, The",,15.39718187,,,,12.7,
Bahrain,,12.44146062,7.6,48202.0,0.03,8.6,6.6
Bangladesh,62.6,23.04670249,21.7,8451171.0,0.28,30.6,11.0
Barbados,19.7,,3.5,8025.0,,10.0,6.8
Belarus,21.7,5.122986416,1.3,205280.0,7.01,2.4,1.3
Belgium,,6.756188073,0.3,297688.0,22.31,3.6,0.8
Belize,33.16,11.5589646,4.6,35738.0,,12.7,1.5
Benin,41.4,16.44582801,19.6,1103867.0,0.05,77.9,6.8
Bermuda,,,,2723.0,,,
Bhutan,53.16,11.43096562,8.7,24682.0,,23.1,4.8
Bolivia,55.66,7.933435546,3.4,1250929.0,3.25,23.1,2.9
"Bonaire, Saint Eustatius and Saba",,,,785.0,,,
Bosnia and Herzegovina,18.19,5.154733974,1.6,67371.0,9.15,6.0,0.9
Botswana,29.99,16.83437991,11.8,147994.0,0.08,39.6,10.0
Brazil,38.6,8.698070886,3.5,13360849.0,17.29,14.4,3.1
British Virgin Islands,,,,833.0,,12.7,
Brunei Darussalam,,13.64151602,9.7,16309.000000000002,0.01,9.4,2.9
Bulgaria,,11.36161178,1.7,158293.0,29.77,6.1,5.9
Burkina Faso,57.89,18.46865415,16.9,1702177.0,0.18,77.3,12.9
Burundi,71.9,14.77690155,28.3,1092381.0,,49.2,7.8
Cabo Verde,59.6,,2.2,20057.0,,11.6,0.1
Cambodia,65.21,11.44900477,16.3,929096.0,6.86,22.9,9.6
Cameroon,39.41,12.51261546,11.0,2217519.0,5.73,67.2,4.6
Canada,,6.625426609,,1879209.0,19.84,5.1,
Caribbean small states,,15.9089113147263,,,0.494273674938034,18.4313958447572,
Cayman Islands,,,,2124.0,,,
Central African Republic,36.15,16.35473066,18.4,473974.0,,92.2,5.2
Central Europe and the Baltics,,7.13089669087431,,,12.5969116224347,4.71798130017612,
Chad,16.2,,18.2,1798793.0,0.02,101.1,10.4
Chile,,6.83669713,0.5,979814.0,12.02,7.2,0.3
China,20.8,4.973518577,2.4,30646091.0,9.76,6.2,1.9
Colombia,36.67,10.95282506,3.7,3552711.0,11.3,12.0,1.3
Comoros,11.43,23.02724006,9.1,57809.0,,39.8,5.3
Congo Republic,32.86,,,447071.0,,,3.9
"Congo, Dem. Rep.",,10.15699502,25.0,,2.84,73.2,
"Congo, Rep.",,11.92652931,12.3,,2.56,40.5,
Cook Islands,,,,986.0,,,
Costa Rica,25.29,8.716621057,2.9,284207.0,37.71,10.5,2.1
Cote d'Ivoire,23.13,18.28976148,13.6,2313485.0,1.71,67.1,8.1
Croatia,23.5,4.99451209,,86831.0,11.47,4.6,
Cuba,40.65,7.062041879,2.4,260820.0,0.34,8.3,1.7
Curacao,,,,3701.0,2.15,,
Cyprus,,,,38163.0,7.44,3.5,
Czechia,,7.609481314,2.1,279974.0,22.25,2.6,5.0
DR Congo,53.61,,,9686801.0,,,7.2
Denmark,,4.807598298,,158666.0,13.8,3.4,
Djibouti,12.4,,17.7,58065.0,,50.4,12.1
Dominica,,,,1851.0,,35.5,
Dominican Republic,4.56,13.43542101,3.0,511408.0,2.51,31.4,2.1
Early-demographic dividend,,20.3002350670101,,,10.2424315294819,30.3431165282122,
East Asia & Pacific,,8.46759605543549,5.42,,13.2763487908279,14.5,
East Asia & Pacific (IDA & IBRD countries),,8.39800954025458,,,9.7629886027264,15.2744885122753,
East Asia & Pacific (excluding high income),,8.39796338120344,,,9.75827386755475,15.3215491186643,
Ecuador,39.6,10.62690669,4.9,1403735.0,13.2,13.1,0.7
Egypt,39.54,,,6036477.0,,,2.7
"Egypt, Arab Rep.",,,3.7,,2.23,17.5,
El Salvador,46.73,10.22300061,5.0,495945.0,34.15,10.4,1.9
Equatorial Guinea,7.4,,5.6,127442.0,1.75,70.6,0.0
Eritrea,68.7,15.1601429,39.4,233258.0,0.1,35.4,14.7
Estonia,,4.173697894,0.4,34453.0,2.9,2.1,1.6
Eswatini,63.82,10.20161162,5.0,71778.0,2.99,45.0,1.7
Ethiopia,58.81,,21.2,9744620.0,3.15,46.5,11.0
Euro area,,7.29619767581931,,,21.6862163918122,3.63624973445424,
Europe & Central Asia,,7.53319141024027,0.73,,20.8656997739422,8.0,
Europe & Central Asia (IDA & IBRD countries),,7.84863261868516,,,10.6052707953453,11.1244023932449,
Europe & Central Asia (excluding high income),,8.19484927101404,,,15.06,14.4086584909035,
European Union,,7.18797299084741,,,21.1354718320291,3.83208528546125,
Falkland Islands,,,,181.0,,,
Faroe Islands,,,,1851.0,,,
Fiji,39.8,7.401885145,4.6,82656.0,,29.1,4.5
Finland,,4.069185571,,121025.0,35.42,2.3,1.6
Fragile and conflict affected situations,,,,,6.91709656345317,70.2148505989691,
France,,7.428983167,,1737800.0,46.65,4.3,
French Guiana,,,,32909.0,,,
French Polynesia,,,,15091.0,,,
Gabon,5.08,14.64981828,5.4,166738.0,2.57,33.2,1.9
Gambia,53.63,,,193958.0,,,1.4
"Gambia, The",,13.24914954,11.6,,,44.1,
Georgia,20.38,7.420559377,2.1,124942.0,16.92,9.2,0.7
Germany,,6.714126163,0.6,2006612.0,9.15,3.7,0.5
Ghana,42.9,14.41585206,12.0,2143885.0,6.03,37.1,4.1
Gibraltar,,,,1155.0,0.0,,
Greece,,11.40590068,0.5,204822.0,12.22,3.7,1.5
Greenland,,,,4053.0,,,
Grenada,,,,3551.0,,18.3,
Guadeloupe,,,,9746.0,,,
Guam,,,,14782.0,,,
Guatemala,53.24,14.49437989,14.4,1878781.0,5.26,21.4,0.8
Guinea,33.43,,15.0,1114088.0,,95.0,10.1
Guinea-Bissau,59.35,19.54887142,18.8,150757.0,,69.3,7.8
Guyana,21.1,17.16307383,9.4,82916.0,,25.7,6.5
Haiti,39.88,,10.7,624122.0,0.37,55.1,3.1
Heavily indebted poor countries (HIPC),,,,,3.71005681311376,60.6306358101462,
High income,,7.94229232131229,0.81,,16.410199031387,5.0,
Honduras,30.75,13.09450185,7.1,1137837.0,11.23,15.5,0.8
Hong Kong,,,,115377.0,,,
"Hong Kong SAR, China",,,,,0.14,,
Hungary,,8.316534957,,237604.0,21.11,3.8,
IBRD only,,15.8280433492376,,,12.6281942768886,20.6388486603556,
IDA & IBRD total,,15.3939376489939,,,12.8400818345156,39.6437540607825,
IDA blend,,,,,18.71,72.4719020408534,
IDA only,,17.6729771273843,,,4.90083397131666,54.3635599608315,
IDA total,,,,,18.71,60.6170528832606,
Iceland,,3.992822369,,12017.0,88.81,2.6,
India,58.0,27.43525934,31.5,59504265.0,4.12,27.7,18.7
Indonesia,50.67,9.934186169,15.9,11477133.0,11.51,20.6,8.0
Iran,53.1,,,3180817.0,,,3.4
"Iran, Islamic Rep.",,,4.3,,1.14,11.8,
Iraq,25.82,10.8613574,3.9,2850738.0,0.37,22.6,1.9
Ireland,,5.645686692,0.5,150321.0,8.94,3.8,0.4
Isle of Man,,,,1754.0,,,
Israel,,8.983944543,,448983.0,5.44,3.4,
Italy,,7.21055095,,1062731.0,9.95,2.8,
Jamaica,23.78,13.68120587,2.5,84197.0,1.63,19.3,2.3
Japan,,11.30468889,3.4,2122562.0,10.77,2.4,2.4
Jordan,25.4,18.93666383,2.5,594793.0,7.69,13.2,1.7
Kazakhstan,37.77,5.291126034,2.0,1089401.0,1.68,9.6,3.1
Kenya,61.39,9.971119457,9.8,3544074.0,18.67,39.9,4.2
Kiribati,63.59,9.031391662,6.9,16280.999999999998,,55.1,2.2
"Korea, Dem. People's Rep.",,,9.3,,8.5,18.0,
"Korea, Rep.",,7.463083879,0.4,,18.46,2.8,
Kosovo,,,,53251.0,0.519176378508478,9.1,
Kuwait,,14.36604616,2.8,134777.0,0.08,8.8,3.3
Kyrgyz Republic,45.56,6.037714249,2.9,404413.0,22.8,17.0,1.8
Lao PDR,,16.73231578,24.3,,54.17,39.0,
Laos,44.38,,,406553.0,,,12.2
Late-demographic dividend,,6.93555854618097,,,15.177040331854,9.4859784770801,
Latin America & Caribbean,,9.63857656679412,2.74,,13.5225039223214,15.9,
Latin America & Caribbean (excluding high income),,9.69750453379829,,,13.3294358275678,15.6898942523118,
Latin America & the Caribbean (IDA & IBRD countries),,9.66468486110308,,,13.5225039223214,15.9445520792666,
Latvia,,4.232556976,0.3,44980.0,8.79,3.0,1.7
Least developed countries: UN classification,,,,,4.0668089529529,56.8975930422039,
Lebanon,,12.59960101,5.1,232520.0,6.6,18.3,2.3
Lesotho,59.01,14.44742354,12.5,134213.0,,58.9,0.0
Liberia,55.23,19.8812653,10.9,391567.0,,72.9,2.5
Libya,,,4.3,330753.0,0.0,30.8,3.5
Liechtenstein,,,,964.0,,,
Lithuania,,4.397884914,1.1,65617.0,4.51,3.4,4.9
Low & middle income,,15.6307238954829,13.74,,13.9319533601456,40.0195748267782,
Low income,,,18.02,,3.5718690401032,62.3,
Lower middle income,,21.1025774612726,17.74,,18.71,43.5,
Luxembourg,,7.74989029,,17359.0,2.55,2.3,
Macau,,,,15024.0,,,
Madagascar,50.62,18.71212047,22.6,2326898.0,0.8,64.8,7.9
Malawi,59.44,15.57640226,12.8,1543873.0,,38.3,1.9
Malaysia,40.3,13.81137628,15.3,1167454.0,2.88,8.1,11.0
Maldives,63.03,13.71833802,14.8,15999.0,,5.7,6.5
Mali,40.46,,15.0,2101570.0,,91.3,4.3
Malta,,7.184098646,0.7,11531.0,3.81,5.5,0.3
Marshall Islands,43.12,,11.9,4287.0,,28.2,3.5
Martinique,,,,7958.0,,,
Mauritania,40.3,,22.4,404941.0,,37.8,13.6
Mauritius,,18.69435005,13.0,29787.0,1.48,15.2,15.7
Mayotte,,,,25210.0,,,
Mexico,27.14,10.15384708,4.2,10309425.0,5.94,12.5,0.0
"Micronesia, Fed. Sts.",,,,12130.0,,23.1,
"Middle East, North Africa, Afghanistan & Pakistan",,,4.53,,5.41,20.0,
"Middle East, North Africa, Afghanistan & Pakistan (IDA & IBRD)",,,,,2.56653885586303,39.2299842065779,
"Middle East, North Africa, Afghanistan & Pakistan (excluding high income)",,,,,2.56653885586303,39.1207393207127,
Middle income,,15.8661617112279,12.66,,13.9319533601456,34.2836220751397,
Moldova,36.37,6.470493286,2.2,92056.0,1.78,14.7,2.2
Monaco,,6.824647135,,925.0,,2.7,
Mongolia,58.0,4.896474513,1.9,180355.0,1.01,13.6,2.7
Montenegro,19.52,6.231987721,3.7,19052.0,20.56,2.6,2.0
Montserrat,,,,119.0,,,
Morocco,35.0,14.76651824,3.0,1624002.0,4.92,16.6,2.4
Mozambique,41.0,17.76020276,15.4,2849450.0,11.93,61.7,4.2
Myanmar,51.24,12.48430117,19.5,2279294.0,3.7,38.7,7.4
Namibia,48.32,15.58151943,13.2,204609.0,5.88,40.7,7.8
Nauru,67.2,,3.8,1488.0,,8.9,0.0
Nepal,62.14,19.73151245,18.3,1431934.0,6.78,26.5,7.2
Netherlands,,5.651838859,1.0,455555.0,9.01,4.0,1.0
New Caledonia,,,,20759.0,,,
New Zealand,,5.857246489,,298070.0,39.68,4.7,
Nicaragua,31.7,10.09621863,4.6,657209.0,17.03,13.4,1.0
Niger,21.61,,34.6,2369724.0,0.05,114.8,10.9
Nigeria,28.68,,24.4,16969739.0,1.08,104.9,11.6
Niue,,,,123.0,,,
North America,,8.11274994250575,0.74,,14.6553612049329,6.4,
North Korea,71.4,,,878985.0,,,3.0
North Macedonia,27.52,8.29205809,0.9,49342.0,7.2,3.3,3.2
Northern Mariana Islands,,,,3078.0,,,
Norway,,4.44297773,,141764.0,48.17,2.4,
OECD members,,8.69340784140634,,,15.9886276844832,6.89826215836792,
Oman,23.2,13.23588907,11.2,217885.0,0.33,10.4,9.6
Other small states,,13.8973446787763,,,55.8794405062165,29.5328321926962,
Pacific island small states,,10.9351607489717,,,,23.5016798798031,
Pakistan,47.47,,23.1,16257247.0,9.25,58.5,5.0
Palau,,13.52511019,,984.0,,22.3,
Palestine,38.9,,,368490.0,,,0.8
Panama,21.46,10.2837361,2.9,359781.0,17.28,13.3,0.5
Papua New Guinea,59.68,19.38028308,27.8,1228693.0,,40.3,7.2
Paraguay,29.59,9.960016952,1.3,679264.0,63.56,17.0,0.7
Peru,65.34,7.471594891,2.7,2691868.0,10.24,15.8,0.6
Philippines,54.9,21.14414662,16.7,4941717.0,16.05,26.9,4.9
Poland,,5.606949229,0.7,911223.0,3.47,4.4,0.0
Portugal,,8.922583683,0.9,218632.0,14.87,3.2,1.1
Post-demographic dividend,,7.81320789937134,,,16.642580384956,4.83396559578023,
Pre-demographic dividend,,,,,18.71,71.1757086663576,
Puerto Rico,,,,50264.0,,,
Qatar,29.33,9.955851859,2.3,79315.0,0.12,6.0,1.6
Reunion,,,,29611.0,,,
Romania,15.8,8.817817845,3.5,488414.0,17.51,6.6,3.5
Russia,,,,3700546.0,,,3.3
Russian Federation,,7.268242008,,,9.45,4.5,
Rwanda,80.9,9.398525709,7.7,948116.0,0.97,40.0,2.0
Saint-Martin,,,,945.0,,,
Samoa,70.3,,3.4,28284.0,,15.7,0.6
San Marino,,4.244335446,,573.0,,1.4,
Sao Tome and Principe,63.06,11.11475279,5.4,15504.0,,13.9,2.6
Saudi Arabia,,,3.5,1333323.0,0.09,6.2,3.9
Senegal,40.82,17.24938655,16.2,1264266.0,1.58,38.5,10.9
Serbia,23.63,6.202315972,1.0,159918.0,7.3,5.2,1.1
Seychelles,,12.4838294,3.8,4527.0,,14.3,4.2
Sierra Leone,53.99,10.3436843,12.0,587328.0,,94.3,6.3
Singapore,,10.95095201,3.3,116469.0,0.38,2.1,14.0
Sint Maarten,,,,949.0,,,
Slovak Republic,,7.822980555,,,31.93,6.1,
Slovakia,,,,145118.0,,,
Slovenia,,6.290086,,49343.0,32.52,2.2,
Small states,,13.7778980929513,,,55.8794405062165,26.1448546234728,
Solomon Islands,76.2,13.23393119,16.2,103682.0,,20.6,11.8
Somalia,33.7,,,1733407.0,,,16.1
"Somalia, Fed. Rep.",,,22.5,,,104.0,
South Africa,31.61,16.63838895,4.9,2960034.0,3.58,34.7,3.6
South Asia,,26.6280032820772,24.39,,4.24746883024466,34.8,
South Asia (IDA & IBRD),,26.6280032820772,,,4.24746883024466,27.7817347409609,
South Korea,,,,697519.0,,,0.2
South Sudan,44.54,,27.7,751473.0,0.4,98.7,18.1
Spain,,9.638991015,,906284.0,25.18,3.1,
Sri Lanka,80.93,17.97828986,17.1,834503.0,6.72,6.1,9.3
St. Barths,,,,346.0,,,
St. Helena,,,,107.0,,,
St. Kitts and Nevis,,,,1438.0,,16.3,
St. Lucia,3.5,16.25114353,2.8,5175.0,,15.5,0.0
St. Pierre and Miquelon,,,,185.0,,,
St. Vincent and the Grenadines,,,,3235.0,,10.6,
Sub-Saharan Africa,,,15.74,,18.71,68.1,
Sub-Saharan Africa (IDA & IBRD countries),,,,,18.71,68.0522278916853,
Sub-Saharan Africa (excluding high income),,,,,18.71,70.4039202889813,
Sudan,54.6,,33.0,3884359.0,4.99,50.1,18.0
Suriname,8.92,16.46447838,6.7,53331.0,10.25,16.2,3.3
Sweden,,4.121824119,,291039.0,49.9,2.5,
Switzerland,,6.416099261,,222641.0,45.14,3.9,
Syria,28.5,,,1162191.0,,,11.2
Syrian Arab Republic,,,10.4,,0.72,20.6,
Taiwan,,,,401411.0,,,
Tajikistan,35.8,8.716076098,5.2,684690.0,44.84,27.3,3.2
Tanzania,57.8,9.703563588,11.4,5467509.0,0.93,38.9,3.1
Thailand,14.0,10.30292405,6.7,1597780.0,1.02,9.2,7.2
Timor-Leste,64.97,18.21201819,31.9,80055.0,,50.0,10.7
Togo,64.33,14.28142408,15.2,676729.0,0.38,58.3,4.2
Tokelau,,,,219.0,,,
Tonga,39.57,,0.8,11805.0,,9.9,2.6
Trinidad and Tobago,21.46,16.27413873,4.9,42934.0,0.0,19.1,4.6
Tunisia,13.55,8.237122382,1.6,462454.0,1.05,12.9,2.1
Turkiye,,12.89684222,1.5,,15.29,12.8,
Turkmenistan,56.48,4.287813245,3.1,413130.0,0.0,40.0,1.2
Turks and Caicos Islands,,,0.4,2583.0,,5.6,0.4
Tuvalu,34.7,,2.9,1097.0,,19.9,0.0
Türkiye,40.7,,,2932953.0,,,0.7
Uganda,65.46,,9.7,4010306.0,1.93,38.8,3.4
Ukraine,19.73,5.725983097,4.1,672229.0,26.44,8.1,7.3
United Arab Emirates,,13.94074671,,291866.0,7.24,5.0,
United Kingdom,,6.827130399,0.6,1843110.0,13.35,4.5,0.4
United States,25.8,8.261421513,0.4,18643679.0,14.02,6.5,0.1
United States Virgin Islands,,,,2443.0,,,
Upper middle income,,8.18498360704941,2.56,,13.7243887361235,14.1,
Uruguay,57.73,7.802982899,1.8,175413.0,17.11,6.7,2.9
Uzbekistan,49.46,5.848450503,1.8,2236976.0,1.23,13.3,1.0
Vanuatu,72.6,13.06263993,11.7,43999.0,,16.8,4.7
Vatican,,,,5.0,,,
Venezuela,7.1,,,2123644.0,,,4.1
"Venezuela, RB",,9.302933854,2.9,,13.32,24.3,
Viet Nam,,6.311217509,9.7,,11.25,20.0,
Vietnam,24.0,,,3768779.0,,,4.4
Wallis and Futuna Islands,,,,563.0,,,
West Bank and Gaza,,10.37288765,2.1,,,26.3,
World,,14.7171562,12.18,,16.0811130343678,36.7,
Yemen,9.7,,,3226837.0,,,21.6
"Yemen, Rep.",,,40.7,,1.64,39.3,
Zambia,69.86,11.24687551,11.8,1577027.0,9.18,44.7,3.8
Zimbabwe,41.9,11.82972993,9.6,1163172.0,7.59,44.2,5.1
